<?xml version="1.0" encoding="UTF-8" standalone="yes"?>
<contentHaul xmlns:a="http://www.appian.com/ae/types/2009">
    <queryRule>
        <name>BWD_getDeclarationsByContractNumber</name>
        <uuid>_a-0000dfc1-6117-8000-06a9-01ef9001ef90_4591</uuid>
        <description>This query rule will fetch all bouwdepot declarations by contract number</description>
        <folderUuid>_a-0000dfc1-6117-8000-06a9-01ef9001ef90_4524</folderUuid>
        <dataStoreEntityCompositeUuid>dc9ba41a-056f-425b-b076-92f4098de705@_a-0000dfc1-6117-8000-06a9-01ef9001ef90_4582</dataStoreEntityCompositeUuid>
        <params>
            <param>
                <description>contract number from bouwdepot declaration</description>
                <name>contractNumber</name>
                <type>{http://www.w3.org/2001/XMLSchema}int</type>
            </param>
        </params>
        <filters>
            <filter>
                <field>
                    <name>contractNumber</name>
                    <type>{http://www.w3.org/2001/XMLSchema}int</type>
                </field>
                <op>=</op>
                <value>contractNumber</value>
                <valueType>PARAMETER</valueType>
            </filter>
        </filters>
        <orderings>
            <ordering>
                <ascending>true</ascending>
                <field>
                    <name>requestedOn</name>
                    <type>{http://www.w3.org/2001/XMLSchema}dateTime</type>
                </field>
            </ordering>
        </orderings>
    </queryRule>
    <roleMap public="false">
        <role inherit="true" allowForAll="false" name="readers">
            <users/>
            <groups/>
        </role>
        <role inherit="true" allowForAll="false" name="authors">
            <users/>
            <groups/>
        </role>
        <role inherit="true" allowForAll="false" name="administrators">
            <users/>
            <groups/>
        </role>
        <role inherit="false" allowForAll="false" name="denyReaders">
            <users/>
            <groups/>
        </role>
        <role inherit="false" allowForAll="false" name="denyAuthors">
            <users/>
            <groups/>
        </role>
        <role inherit="false" allowForAll="false" name="denyAdministrators">
            <users/>
            <groups/>
        </role>
    </roleMap>
</contentHaul>
