<?xml version="1.0" encoding="UTF-8" standalone="yes"?>
<contentHaul xmlns:a="http://www.appian.com/ae/types/2009">
    <rule>
        <name>BWD_AddCustomerForm</name>
        <uuid>_a-0000dfc1-6117-8000-06a9-01ef9001ef90_4605</uuid>
        <description></description>
        <parentUuid>_a-0000dfc1-6117-8000-06a9-01ef9001ef90_4523</parentUuid>
        <visibility>
            <advertise>false</advertise>
            <hierarchy>true</hierarchy>
            <indexable>true</indexable>
            <quota>false</quota>
            <searchable>true</searchable>
            <system>false</system>
            <unlogged>false</unlogged>
        </visibility>
        <definition>=#"SYSTEM_SYSRULES_formLayout_v1"(
  label: "Customer Entry Form",
  instructions: "Filll customer details",
  contents: {
    #"SYSTEM_SYSRULES_columnsLayout"(
      columns: {
        #"SYSTEM_SYSRULES_columnLayout"(
          contents: {
            #"SYSTEM_SYSRULES_sectionLayout_v1"(
              label: "Customer details",
              contents: {
                #"SYSTEM_SYSRULES_textField"(
                  label: "First Name",
                  labelPosition: "ABOVE",
                  value: ri!customer.firstName,
                  saveInto: ri!customer.firstName,
                  refreshAfter: "UNFOCUS",
                  required: true,
                  validations: {}
                ),
                #"SYSTEM_SYSRULES_textField"(
                  label: "Last Name",
                  labelPosition: "ABOVE",
                  value: ri!customer.lastName,
                  saveInto: ri!customer.lastName,
                  refreshAfter: "UNFOCUS",
                  required: true,
                  validations: {}
                ),
                #"SYSTEM_SYSRULES_textField"(
                  label: "House Number",
                  labelPosition: "ABOVE",
                  value: ri!customer.houseNumber,
                  saveInto: ri!customer.houseNumber,
                  refreshAfter: "UNFOCUS",
                  required: true,
                  validations: {}
                ),
                #"SYSTEM_SYSRULES_textField"(
                  label: "Street Name",
                  labelPosition: "ABOVE",
                  value: ri!customer.streetName,
                  saveInto: ri!customer.streetName,
                  refreshAfter: "UNFOCUS",
                  required: true,
                  validations: {}
                ),
                #"SYSTEM_SYSRULES_textField"(
                  label: "City",
                  labelPosition: "ABOVE",
                  value: ri!customer.city,
                  saveInto: ri!customer.city,
                  refreshAfter: "UNFOCUS",
                  required: true,
                  validations: {}
                ),
                #"SYSTEM_SYSRULES_textField"(
                  label: "Postal Code",
                  labelPosition: "ABOVE",
                  value: ri!customer.postalCode,
                  saveInto: ri!customer.postalCode,
                  refreshAfter: "UNFOCUS",
                  required: true,
                  validations: {}
                ),
                #"SYSTEM_SYSRULES_textField"(
                  label: "Email",
                  labelPosition: "ABOVE",
                  value: ri!customer.email,
                  saveInto: ri!customer.email,
                  refreshAfter: "UNFOCUS",
                  validations: {}
                ),
                #"SYSTEM_SYSRULES_textField"(
                  label: "IBAN",
                  labelPosition: "ABOVE",
                  value: ri!customer.IBAN,
                  saveInto: ri!customer.IBAN,
                  refreshAfter: "UNFOCUS",
                  required: true,
                  validations: {}
                ),
                #"SYSTEM_SYSRULES_integerField"(
                  label: "Phone Number",
                  labelPosition: "ABOVE",
                  value: ri!customer.phoneNumber,
                  saveInto: ri!customer.phoneNumber,
                  refreshAfter: "UNFOCUS",
                  required: true,
                  validations: {}
                )
              }
            )
          }
        )
      }
    )
  },
  buttons: #"SYSTEM_SYSRULES_ButtonLayout"(
    primaryButtons: {
      #"SYSTEM_SYSRULES_ButtonWidgetSubmit"(
        label: "Submit",
        style: "PRIMARY",
        saveInto: {}
      )
    },
    secondaryButtons: {
      #"SYSTEM_SYSRULES_ButtonWidgetSubmit"(
        label: "Cancel",
        style: "NORMAL",
        value: true,
        saveInto: ri!cancel,
        skipValidation: true
      )
    }
  ),
  validations: {}
)</definition>
        <namedTypedValue>
            <name>customer</name>
            <type>
                <name>BWD_customer</name>
                <namespace>urn:com:appian:types:BWD</namespace>
            </type>
        </namedTypedValue>
        <namedTypedValue>
            <name>cancel</name>
            <type>
                <name>boolean</name>
                <namespace>http://www.w3.org/2001/XMLSchema</namespace>
            </type>
        </namedTypedValue>
        <metadataExpr></metadataExpr>
        <preferredEditor>interface</preferredEditor>
        <offlineEnabled>false</offlineEnabled>
    </rule>
    <roleMap public="true">
        <role inherit="true" allowForAll="false" name="readers">
            <users/>
            <groups/>
        </role>
        <role inherit="true" allowForAll="false" name="authors">
            <users/>
            <groups/>
        </role>
        <role inherit="true" allowForAll="false" name="administrators">
            <users>
                <userUuid>karthikr</userUuid>
            </users>
            <groups/>
        </role>
        <role inherit="false" allowForAll="false" name="denyReaders">
            <users/>
            <groups/>
        </role>
        <role inherit="false" allowForAll="false" name="denyAuthors">
            <users/>
            <groups/>
        </role>
        <role inherit="false" allowForAll="false" name="denyAdministrators">
            <users/>
            <groups/>
        </role>
    </roleMap>
</contentHaul>
