<?xml version="1.0" encoding="UTF-8" standalone="yes"?>
<dataStoreHaul xmlns:a="http://www.appian.com/ae/types/2009">
    <dataStore>
        <uuid>_a-0000dfc1-6117-8000-06a9-01ef9001ef90_4582</uuid>
        <name>BWD DS</name>
        <description>Datastore for Bouwdepot application</description>
        <dataSourceKey>jdbc/TrainingDataSource</dataSourceKey>
        <adaptingExplicitSqlNames>false</adaptingExplicitSqlNames>
        <autoUpdateSchema>true</autoUpdateSchema>
        <entities>
            <entity>
                <uuid>dc9ba41a-056f-425b-b076-92f4098de705</uuid>
                <name>BWD declaration</name>
                <type>{urn:com:appian:types:BWD}BWD_declaration</type>
            </entity>
            <entity>
                <uuid>8b059dc2-6dc3-4c97-94d1-ff6c9424059c</uuid>
                <name>BWD Customer</name>
                <type>{urn:com:appian:types:BWD}BWD_customer</type>
            </entity>
        </entities>
    </dataStore>
    <isPublished>true</isPublished>
    <roleMap>
        <role inherit="false" allowForAll="false" name="administrators">
            <users/>
            <groups>
                <groupUuid>_e-0000dfc1-6107-8000-0670-011e94011e94_23</groupUuid>
            </groups>
        </role>
        <role inherit="false" allowForAll="false" name="authors">
            <users/>
            <groups/>
        </role>
        <role inherit="false" allowForAll="false" name="denyAdministrators">
            <users/>
            <groups/>
        </role>
        <role inherit="false" allowForAll="false" name="denyAuthors">
            <users/>
            <groups/>
        </role>
        <role inherit="false" allowForAll="false" name="denyReaders">
            <users/>
            <groups/>
        </role>
        <role inherit="false" allowForAll="false" name="readers">
            <users/>
            <groups>
                <groupUuid>_e-0000dfc1-6107-8000-0670-011e94011e94_22</groupUuid>
            </groups>
        </role>
    </roleMap>
</dataStoreHaul>
