<?xml version="1.0" encoding="UTF-8" standalone="yes"?>
<applicationHaul xmlns:a="http://www.appian.com/ae/types/2009">
    <application>
        <name>Bouwdepot</name>
        <uuid>_a-0000dfc1-6117-8000-06a9-01ef9001ef90_4516</uuid>
        <description>This application will process bouwdepot declarations and trigger the payments</description>
        <parentUuid>SYSTEM_APPLICATIONS_ROOT</parentUuid>
        <visibility>
            <advertise>false</advertise>
            <hierarchy>true</hierarchy>
            <indexable>true</indexable>
            <quota>false</quota>
            <searchable>true</searchable>
            <system>false</system>
            <unlogged>false</unlogged>
        </visibility>
        <urlIdentifier>N0l35Q</urlIdentifier>
        <published>true</published>
        <public>false</public>
        <associatedObjects>
            <globalIdMap>
                <item>
                    <type>datatype</type>
                    <uuids>
                        <uuid>{urn:com:appian:types:BWD}BWD_test</uuid>
                        <uuid>{urn:com:appian:types:BWD}BWD_declaration</uuid>
                        <uuid>{urn:com:appian:types:BWD}BWD_customer</uuid>
                    </uuids>
                </item>
                <item>
                    <type>dataStore</type>
                    <uuids>
                        <uuid>_a-0000dfc1-6117-8000-06a9-01ef9001ef90_4582</uuid>
                    </uuids>
                </item>
                <item>
                    <type>user</type>
                    <uuids/>
                </item>
                <item>
                    <type>groupType</type>
                    <uuids/>
                </item>
                <item>
                    <type>group</type>
                    <uuids>
                        <uuid>_e-0000dfc1-6107-8000-0670-011e94011e94_22</uuid>
                        <uuid>_e-0000dfc1-6107-8000-0670-011e94011e94_23</uuid>
                        <uuid>_e-0000dfc1-6107-8000-0670-011e94011e94_24</uuid>
                        <uuid>_e-0000dfc1-6107-8000-0670-011e94011e94_25</uuid>
                    </uuids>
                </item>
                <item>
                    <type>content</type>
                    <uuids>
                        <uuid>_a-0000dfc1-6117-8000-06a9-01ef9001ef90_4521</uuid>
                        <uuid>_a-0000dfc1-6117-8000-06a9-01ef9001ef90_4522</uuid>
                        <uuid>_a-0000dfc1-6117-8000-06a9-01ef9001ef90_4523</uuid>
                        <uuid>_a-0000dfc1-6117-8000-06a9-01ef9001ef90_4524</uuid>
                        <uuid>_a-0000dfc1-6117-8000-06a9-01ef9001ef90_4525</uuid>
                        <uuid>_a-0000dfc1-6117-8000-06a9-01ef9001ef90_4526</uuid>
                        <uuid>_a-0000dfc1-6117-8000-06a9-01ef9001ef90_4527</uuid>
                        <uuid>_a-0000dfc1-6117-8000-06a9-01ef9001ef90_4528</uuid>
                        <uuid>_a-0000dfc1-6117-8000-06a9-01ef9001ef90_4529</uuid>
                        <uuid>_a-0000dfc1-6117-8000-06a9-01ef9001ef90_4532</uuid>
                        <uuid>_a-0000dfc1-6117-8000-06a9-01ef9001ef90_4587</uuid>
                        <uuid>_a-0000dfc1-6117-8000-06a9-01ef9001ef90_4589</uuid>
                        <uuid>_a-0000dfc1-6117-8000-06a9-01ef9001ef90_4591</uuid>
                        <uuid>_a-0000dfc1-6117-8000-06a9-01ef9001ef90_4593</uuid>
                        <uuid>_a-0000dfc1-6117-8000-06a9-01ef9001ef90_4594</uuid>
                        <uuid>_a-0000dfc1-6117-8000-06a9-01ef9001ef90_4598</uuid>
                        <uuid>_a-0000dfc1-6117-8000-06a9-01ef9001ef90_4605</uuid>
                    </uuids>
                </item>
                <item>
                    <type>forum</type>
                    <uuids/>
                </item>
                <item>
                    <type>processModelFolder</type>
                    <uuids>
                        <uuid>_g-0000dfc1-6107-8000-0671-014d98014d98_11</uuid>
                    </uuids>
                </item>
                <item>
                    <type>processModel</type>
                    <uuids>
                        <uuid>0002dff1-a8bc-8000-0671-014d98014d98</uuid>
                        <uuid>0002e03f-fc3b-8000-0671-014d98014d98</uuid>
                    </uuids>
                </item>
                <item>
                    <type>portlet</type>
                    <uuids/>
                </item>
                <item>
                    <type>page</type>
                    <uuids/>
                </item>
                <item>
                    <type>application</type>
                    <uuids/>
                </item>
                <item>
                    <type>tempoFeed</type>
                    <uuids/>
                </item>
                <item>
                    <type>recordType</type>
                    <uuids/>
                </item>
                <item>
                    <type>tempoReport</type>
                    <uuids/>
                </item>
                <item>
                    <type>taskReport</type>
                    <uuids/>
                </item>
                <item>
                    <type>webApi</type>
                    <uuids/>
                </item>
                <item>
                    <type>site</type>
                    <uuids/>
                </item>
                <item>
                    <type>adminSetting</type>
                    <uuids/>
                </item>
                <item>
                    <type>thirdPartyCredentials</type>
                    <uuids/>
                </item>
                <item>
                    <type>dataSource</type>
                    <uuids/>
                </item>
                <item>
                    <type>embeddedSailTheme</type>
                    <uuids/>
                </item>
            </globalIdMap>
        </associatedObjects>
        <applicationNavigation/>
        <applicationActions>
            <action>
                <displayLabel>Add Bouwdepot Customer</displayLabel>
                <description>Add bouwdepot customer to database</description>
                <processModelUuid>0002e03f-fc3b-8000-0671-014d98014d98</processModelUuid>
                <actionUuid>4e2a6d1b-d89b-4b7e-9367-28538785f9dc</actionUuid>
            </action>
        </applicationActions>
        <associatedApplications>
            <globalIdMap>
                <item>
                    <type>datatype</type>
                    <uuids/>
                </item>
                <item>
                    <type>dataStore</type>
                    <uuids/>
                </item>
                <item>
                    <type>user</type>
                    <uuids/>
                </item>
                <item>
                    <type>groupType</type>
                    <uuids/>
                </item>
                <item>
                    <type>group</type>
                    <uuids/>
                </item>
                <item>
                    <type>content</type>
                    <uuids/>
                </item>
                <item>
                    <type>forum</type>
                    <uuids/>
                </item>
                <item>
                    <type>processModelFolder</type>
                    <uuids/>
                </item>
                <item>
                    <type>processModel</type>
                    <uuids/>
                </item>
                <item>
                    <type>portlet</type>
                    <uuids/>
                </item>
                <item>
                    <type>page</type>
                    <uuids/>
                </item>
                <item>
                    <type>application</type>
                    <uuids/>
                </item>
                <item>
                    <type>tempoFeed</type>
                    <uuids/>
                </item>
                <item>
                    <type>recordType</type>
                    <uuids/>
                </item>
                <item>
                    <type>tempoReport</type>
                    <uuids/>
                </item>
                <item>
                    <type>taskReport</type>
                    <uuids/>
                </item>
                <item>
                    <type>webApi</type>
                    <uuids/>
                </item>
                <item>
                    <type>site</type>
                    <uuids/>
                </item>
                <item>
                    <type>adminSetting</type>
                    <uuids/>
                </item>
                <item>
                    <type>thirdPartyCredentials</type>
                    <uuids/>
                </item>
                <item>
                    <type>dataSource</type>
                    <uuids/>
                </item>
                <item>
                    <type>embeddedSailTheme</type>
                    <uuids/>
                </item>
            </globalIdMap>
        </associatedApplications>
    </application>
    <roleMap>
        <contentRoleMap public="true">
            <role inherit="false" allowForAll="false" name="readers">
                <users/>
                <groups>
                    <groupUuid>_e-0000dfc1-6107-8000-0670-011e94011e94_22</groupUuid>
                </groups>
            </role>
            <role inherit="false" allowForAll="false" name="authors">
                <users/>
                <groups/>
            </role>
            <role inherit="false" allowForAll="false" name="administrators">
                <users>
                    <userUuid>karthikr</userUuid>
                </users>
                <groups>
                    <groupUuid>_e-0000dfc1-6107-8000-0670-011e94011e94_23</groupUuid>
                </groups>
            </role>
            <role inherit="false" allowForAll="false" name="denyReaders">
                <users/>
                <groups/>
            </role>
            <role inherit="false" allowForAll="false" name="denyAuthors">
                <users/>
                <groups/>
            </role>
            <role inherit="false" allowForAll="false" name="denyAdministrators">
                <users/>
                <groups/>
            </role>
        </contentRoleMap>
    </roleMap>
</applicationHaul>
