<?xml version="1.0" encoding="UTF-8" standalone="yes"?>
<groupHaul xmlns:a="http://www.appian.com/ae/types/2009">
    <group>
        <name>BWD All Users</name>
        <securityMap>SECURITYMAP_PUBLIC</securityMap>
        <uuid>_e-0000dfc1-6107-8000-0670-011e94011e94_22</uuid>
        <groupTypeUuid>SYSTEM_GROUP_TYPE_CUSTOM</groupTypeUuid>
        <description>All users of bouwdepot application</description>
        <delegatedCreation>false</delegatedCreation>
        <memberPolicy>MEMBERPOLICY_CLOSED</memberPolicy>
        <viewingPolicy>VIEWINGPOLICY_LOW</viewingPolicy>
        <attributes/>
    </group>
    <members>
        <users/>
        <groups>
            <groupUuid>_e-0000dfc1-6107-8000-0670-011e94011e94_23</groupUuid>
            <groupUuid>_e-0000dfc1-6107-8000-0670-011e94011e94_24</groupUuid>
            <groupUuid>_e-0000dfc1-6107-8000-0670-011e94011e94_25</groupUuid>
        </groups>
    </members>
    <admins>
        <users/>
        <groups>
            <groupUuid>_e-0000dfc1-6107-8000-0670-011e94011e94_23</groupUuid>
        </groups>
    </admins>
    <ruleSet/>
</groupHaul>
